{
    "colors": [
        { "r": 1.0, "g": 0.0, "b": 0.0, "a": 1.0 },
        { "r": 0.0, "g": 1.0, "b": 0.0, "a": 1.0 },
        { "r": 0.0, "g": 0.0, "b": 1.0, "a": 1.0 },
        { "r": 1.0, "g": 1.0, "b": 0.0, "a": 1.0 },
        { "r": 1.0, "g": 0.0, "b": 1.0, "a": 1.0 },
        { "r": 0.0, "g": 1.0, "b": 1.0, "a": 1.0 },
        { "r": 0.5, "g": 0.0, "b": 0.5, "a": 1.0 },
        { "r": 0.0, "g": 0.5, "b": 0.5, "a": 1.0 },
        { "r": 0.5, "g": 0.5, "b": 0.0, "a": 1.0 },
        { "r": 0.5, "g": 0.5, "b": 0.5, "a": 1.0 },
        { "r": 1.0, "g": 0.5, "b": 0.0, "a": 1.0 },
        { "r": 0.0, "g": 1.0, "b": 0.5, "a": 1.0 },
        { "r": 0.5, "g": 0.0, "b": 1.0, "a": 1.0 },
        { "r": 0.5, "g": 1.0, "b": 0.0, "a": 1.0 },
        { "r": 0.0, "g": 0.5, "b": 1.0, "a": 1.0 }
    ]
}
